prompt_variant,category,subcategory,difficulty,evaluation_criteria,original_prompt,vision_question,vlm 
p1,Graphical design,Data Visualisation,Easy,Numbers correct + layout logical + readable,"A bar chart showing monthly sales for January through June with values 12K, 18K, 15K, 22K, 19K, 25K — labeled axes, color-coded bars, and a title 'Monthly Sales 2025'","The prompt asked for a data visualization: ""A bar chart showing monthly sales for January through June with values 12K, 18K, 15K, 22K, 19K, 25K — labeled axes, color-coded bars, and a title 'Monthly Sales 2025'"". Are the numbers, labels, and visual elements correct and readable? Does the chart type match what was requested? Rate: PASS or FAIL.",qwen3-vl 
p2,Graphical design,Data Visualisation,Easy,Numbers correct + layout logical + readable,"A pie chart showing market share: Company A 35%, Company B 25%, Company C 20%, Others 20% — each slice a different color with labels and percentages","The prompt asked for a data visualization: ""A pie chart showing market share: Company A 35%, Company B 25%, Company C 20%, Others 20% — each slice a different color with labels and percentages"". Are the numbers, labels, and visual elements correct and readable? Does the chart type match what was requested? Rate: PASS or FAIL.",qwen3-vl 
p3,Graphical design,Data Visualisation,Easy,Numbers correct + layout logical + readable,"A simple line graph showing daily website visitors over one week (Mon-Sun): 1200, 1500, 1100, 1800, 2000, 1700, 1400 — with grid lines, axis labels, and title 'Weekly Traffic'","The prompt asked for a data visualization: ""A simple line graph showing daily website visitors over one week (Mon-Sun): 1200, 1500, 1100, 1800, 2000, 1700, 1400 — with grid lines, axis labels, and title 'Weekly Traffic'"". Are the numbers, labels, and visual elements correct and readable? Does the chart type match what was requested? Rate: PASS or FAIL.",qwen3-vl 
p1,Graphical design,Layout & Design,Easy,Visual hierarchy clear + text readable,"A movie night poster with a large popcorn image in the center, the title 'MOVIE NIGHT' in bold at the top, and the tagline 'Every Friday at 8 PM' at the bottom","The prompt described a specific layout: ""A movie night poster with a large popcorn image in the center, the title 'MOVIE NIGHT' in bold at the top, and the tagline 'Every Friday at 8 PM' at the bottom"". Are all described layout zones/elements present with correct visual hierarchy? Is any text readable and correctly placed? Rate: PASS or FAIL.",qwen3-vl 
p2,Graphical design,Layout & Design,Easy,Visual hierarchy clear + text readable,"An event poster featuring a guitar illustration, the headline 'LIVE MUSIC FEST' in large text, and 'Tickets available now' as a tagline below","The prompt described a specific layout: ""An event poster featuring a guitar illustration, the headline 'LIVE MUSIC FEST' in large text, and 'Tickets available now' as a tagline below"". Are all described layout zones/elements present with correct visual hierarchy? Is any text readable and correctly placed? Rate: PASS or FAIL.",qwen3-vl 
p3,Graphical design,Layout & Design,Easy,Visual hierarchy clear + text readable,"A book club poster with an open book illustration, the title 'JOIN THE BOOK CLUB' prominently displayed, and 'Meets every Wednesday' as the tagline","The prompt described a specific layout: ""A book club poster with an open book illustration, the title 'JOIN THE BOOK CLUB' prominently displayed, and 'Meets every Wednesday' as the tagline"". Are all described layout zones/elements present with correct visual hierarchy? Is any text readable and correctly placed? Rate: PASS or FAIL.",qwen3-vl 
p1,Graphical design,Layout & Design,Hard,Professional-looking layout + all elements present,"A magazine double-page spread with a left page containing a large hero photo, and a right page with a two-column article, a pull quote, a sidebar with author bio, and a page number","The prompt described a specific layout: ""A magazine double-page spread with a left page containing a large hero photo, and a right page with a two-column article, a pull quote, a sidebar with author bio, and a page number"". Are all described layout zones/elements present with correct visual hierarchy? Is any text readable and correctly placed? Rate: PASS or FAIL.",qwen3-vl 
p2,Graphical design,Layout & Design,Hard,Professional-looking layout + all elements present,"A mobile app UI mockup showing a dashboard with a top navigation bar, a search field, a 2x2 grid of feature cards with icons, a list of recent activity items, and a bottom tab bar","The prompt described a specific layout: ""A mobile app UI mockup showing a dashboard with a top navigation bar, a search field, a 2x2 grid of feature cards with icons, a list of recent activity items, and a bottom tab bar"". Are all described layout zones/elements present with correct visual hierarchy? Is any text readable and correctly placed? Rate: PASS or FAIL.",qwen3-vl 
p3,Graphical design,Layout & Design,Hard,Professional-looking layout + all elements present,"A fashion magazine spread with a full-bleed left-page photo, right page with three-column layout, headline, body copy, a smaller inset image, and styled page numbers","The prompt described a specific layout: ""A fashion magazine spread with a full-bleed left-page photo, right page with three-column layout, headline, body copy, a smaller inset image, and styled page numbers"". Are all described layout zones/elements present with correct visual hierarchy? Is any text readable and correctly placed? Rate: PASS or FAIL.",qwen3-vl 
p1,Graphical design,Layout & Design,Medium,Zones visually separated + content in right zones,"A landing page design with a hero header image at the top, a headline and subtitle in the middle, a 'Sign Up' call-to-action button, and a footer with three social media icons","The prompt described a specific layout: ""A landing page design with a hero header image at the top, a headline and subtitle in the middle, a 'Sign Up' call-to-action button, and a footer with three social media icons"". Are all described layout zones/elements present with correct visual hierarchy? Is any text readable and correctly placed? Rate: PASS or FAIL.",qwen3-vl 
p2,Graphical design,Layout & Design,Medium,Zones visually separated + content in right zones,"A newsletter layout with a banner image header, a two-column body section with text on the left and an image on the right, a highlighted quote block, and a footer with unsubscribe link","The prompt described a specific layout: ""A newsletter layout with a banner image header, a two-column body section with text on the left and an image on the right, a highlighted quote block, and a footer with unsubscribe link"". Are all described layout zones/elements present with correct visual hierarchy? Is any text readable and correctly placed? Rate: PASS or FAIL.",qwen3-vl 
p3,Graphical design,Layout & Design,Medium,Zones visually separated + content in right zones,"A restaurant menu layout with a logo header, three category sections (appetizers, mains, desserts) each with items and prices, and a footer with address and hours","The prompt described a specific layout: ""A restaurant menu layout with a logo header, three category sections (appetizers, mains, desserts) each with items and prices, and a footer with address and hours"". Are all described layout zones/elements present with correct visual hierarchy? Is any text readable and correctly placed? Rate: PASS or FAIL.",qwen3-vl 
p1,Graphical design,Style Diversity,Easy,Style recognizable by any viewer,"A golden retriever sitting in a garden, painted in the style of an oil painting with visible brushstrokes and rich texture","The prompt asked for a specific art style: ""A golden retriever sitting in a garden, painted in the style of an oil painting with visible brushstrokes and rich texture"". Is the requested style clearly recognizable? Are its key visual characteristics present? Rate: PASS or FAIL.",qwen3-vl 
p2,Graphical design,Style Diversity,Easy,Style recognizable by any viewer,"A golden retriever sitting in a garden, rendered in Japanese anime style with flat colors and large expressive eyes","The prompt asked for a specific art style: ""A golden retriever sitting in a garden, rendered in Japanese anime style with flat colors and large expressive eyes"". Is the requested style clearly recognizable? Are its key visual characteristics present? Rate: PASS or FAIL.",qwen3-vl 
p3,Graphical design,Style Diversity,Easy,Style recognizable by any viewer,"A golden retriever sitting in a garden, rendered in pixel art style with a 32x32 grid and limited color palette","The prompt asked for a specific art style: ""A golden retriever sitting in a garden, rendered in pixel art style with a 32x32 grid and limited color palette"". Is the requested style clearly recognizable? Are its key visual characteristics present? Rate: PASS or FAIL.",qwen3-vl 
p1,Graphical design,Style Diversity,Extreme,Result evokes the described feeling/contradiction,An interior scene rendered in soft brutalism — raw concrete textures combined with rounded pastel furniture and warm diffused light,"The prompt asked for a specific art style: ""An interior scene rendered in soft brutalism — raw concrete textures combined with rounded pastel furniture and warm diffused light"". Is the requested style clearly recognizable? Are its key visual characteristics present? Rate: PASS or FAIL.",qwen3-vl 
p2,Graphical design,Style Diversity,Extreme,Result evokes the described feeling/contradiction,"A still life painted in anxious minimalism — sparse composition with uncomfortable negative space, muted colors, and subtle visual tension","The prompt asked for a specific art style: ""A still life painted in anxious minimalism — sparse composition with uncomfortable negative space, muted colors, and subtle visual tension"". Is the requested style clearly recognizable? Are its key visual characteristics present? Rate: PASS or FAIL.",qwen3-vl 
p3,Graphical design,Style Diversity,Extreme,Result evokes the described feeling/contradiction,A cityscape rendered in nostalgic futurism — retro-futuristic 1960s space-age aesthetics with a melancholic warm-toned patina,"The prompt asked for a specific art style: ""A cityscape rendered in nostalgic futurism — retro-futuristic 1960s space-age aesthetics with a melancholic warm-toned patina"". Is the requested style clearly recognizable? Are its key visual characteristics present? Rate: PASS or FAIL.",qwen3-vl 
p1,Graphical design,Style Diversity,Hard,Both styles visually identifiable in result,A forest rendered in photorealistic watercolor — the detail and lighting of a photo combined with visible watercolor bleeds and paper texture,"The prompt asked for a specific art style: ""A forest rendered in photorealistic watercolor — the detail and lighting of a photo combined with visible watercolor bleeds and paper texture"". Is the requested style clearly recognizable? Are its key visual characteristics present? Rate: PASS or FAIL.",qwen3-vl 
p2,Graphical design,Style Diversity,Hard,Both styles visually identifiable in result,A woman in a futuristic city rendered in cyberpunk Art Nouveau — neon colors and tech elements combined with flowing organic lines and floral borders,"The prompt asked for a specific art style: ""A woman in a futuristic city rendered in cyberpunk Art Nouveau — neon colors and tech elements combined with flowing organic lines and floral borders"". Is the requested style clearly recognizable? Are its key visual characteristics present? Rate: PASS or FAIL.",qwen3-vl 
p3,Graphical design,Style Diversity,Hard,Both styles visually identifiable in result,A medieval castle depicted in Japanese ukiyo-e woodblock print style combined with photorealistic sky and lighting,"The prompt asked for a specific art style: ""A medieval castle depicted in Japanese ukiyo-e woodblock print style combined with photorealistic sky and lighting"". Is the requested style clearly recognizable? Are its key visual characteristics present? Rate: PASS or FAIL.",qwen3-vl 
p1,Graphical design,Style Diversity,Medium,Key visual characteristics of movement present,"A city street scene in the style of Art Deco — geometric shapes, gold and black palette, ornamental symmetry","The prompt asked for a specific art style: ""A city street scene in the style of Art Deco — geometric shapes, gold and black palette, ornamental symmetry"". Is the requested style clearly recognizable? Are its key visual characteristics present? Rate: PASS or FAIL.",qwen3-vl 
p2,Graphical design,Style Diversity,Medium,Key visual characteristics of movement present,"A woman with a parasol in the style of Impressionism — soft brushstrokes, dappled light, pastel palette","The prompt asked for a specific art style: ""A woman with a parasol in the style of Impressionism — soft brushstrokes, dappled light, pastel palette"". Is the requested style clearly recognizable? Are its key visual characteristics present? Rate: PASS or FAIL.",qwen3-vl 
p3,Graphical design,Style Diversity,Medium,Key visual characteristics of movement present,"A portrait of a man in Pop Art style — bold outlines, Ben-Day dots, flat vivid primary colors","The prompt asked for a specific art style: ""A portrait of a man in Pop Art style — bold outlines, Ben-Day dots, flat vivid primary colors"". Is the requested style clearly recognizable? Are its key visual characteristics present? Rate: PASS or FAIL.",qwen3-vl 
p1,Human realism,Faces & Expressions,Easy,"Symmetric face, correct features, recognizable emotion",A close-up portrait of a young woman with a warm natural smile,"Look at the face(s) in this image. The prompt asked for: ""A close-up portrait of a young woman with a warm natural smile"". Is the face symmetric with correct features? Is the intended emotion clearly readable? Note any distortions. Rate: PASS or FAIL.",qwen3-vl 
p2,Human realism,Faces & Expressions,Easy,"Symmetric face, correct features, recognizable emotion","A portrait of a middle-aged man with a calm, serious expression","Look at the face(s) in this image. The prompt asked for: ""A portrait of a middle-aged man with a calm, serious expression"". Is the face symmetric with correct features? Is the intended emotion clearly readable? Note any distortions. Rate: PASS or FAIL.",qwen3-vl 
p3,Human realism,Faces & Expressions,Easy,"Symmetric face, correct features, recognizable emotion","A headshot of a teenager with a relaxed, neutral face","Look at the face(s) in this image. The prompt asked for: ""A headshot of a teenager with a relaxed, neutral face"". Is the face symmetric with correct features? Is the intended emotion clearly readable? Note any distortions. Rate: PASS or FAIL.",qwen3-vl 
p1,Human realism,Faces & Expressions,Extreme,Each face distinct + each expression different and readable,"A group of three friends at a table: one laughing with head tilted back, one looking shocked with wide eyes, and one rolling their eyes with a smirk","Look at the face(s) in this image. The prompt asked for: ""A group of three friends at a table: one laughing with head tilted back, one looking shocked with wide eyes, and one rolling their eyes with a smirk"". Is the face symmetric with correct features? Is the intended emotion clearly readable? Note any distortions. Rate: PASS or FAIL.",qwen3-vl 
p2,Human realism,Faces & Expressions,Extreme,Each face distinct + each expression different and readable,"A family photo with four people: a father beaming with pride, a mother smiling gently, a teenager looking bored, and a child grinning excitedly","Look at the face(s) in this image. The prompt asked for: ""A family photo with four people: a father beaming with pride, a mother smiling gently, a teenager looking bored, and a child grinning excitedly"". Is the face symmetric with correct features? Is the intended emotion clearly readable? Note any distortions. Rate: PASS or FAIL.",qwen3-vl 
p3,Human realism,Faces & Expressions,Extreme,Each face distinct + each expression different and readable,"Three coworkers in a meeting: one looking frustrated with furrowed brows, one nodding with a pleased expression, and one looking confused with a tilted head","Look at the face(s) in this image. The prompt asked for: ""Three coworkers in a meeting: one looking frustrated with furrowed brows, one nodding with a pleased expression, and one looking confused with a tilted head"". Is the face symmetric with correct features? Is the intended emotion clearly readable? Note any distortions. Rate: PASS or FAIL.",qwen3-vl 
p1,Human realism,Faces & Expressions,Hard,Age-appropriate features + emotion match,"An elderly woman in her 80s with deep wrinkles and white hair, smiling warmly with kind eyes","Look at the face(s) in this image. The prompt asked for: ""An elderly woman in her 80s with deep wrinkles and white hair, smiling warmly with kind eyes"". Is the face symmetric with correct features? Is the intended emotion clearly readable? Note any distortions. Rate: PASS or FAIL.",qwen3-vl 
p2,Human realism,Faces & Expressions,Hard,Age-appropriate features + emotion match,"A 5-year-old child with round cheeks and large eyes, crying with tears streaming down their face","Look at the face(s) in this image. The prompt asked for: ""A 5-year-old child with round cheeks and large eyes, crying with tears streaming down their face"". Is the face symmetric with correct features? Is the intended emotion clearly readable? Note any distortions. Rate: PASS or FAIL.",qwen3-vl 
p3,Human realism,Faces & Expressions,Hard,Age-appropriate features + emotion match,"An elderly man in his 70s with age spots and thinning gray hair, looking skeptically over reading glasses","Look at the face(s) in this image. The prompt asked for: ""An elderly man in his 70s with age spots and thinning gray hair, looking skeptically over reading glasses"". Is the face symmetric with correct features? Is the intended emotion clearly readable? Note any distortions. Rate: PASS or FAIL.",qwen3-vl 
p1,Human realism,Faces & Expressions,Medium,Emotion clearly readable and convincing,"A close-up of a person's face showing clear disgust, nose wrinkled and lip curled","Look at the face(s) in this image. The prompt asked for: ""A close-up of a person's face showing clear disgust, nose wrinkled and lip curled"". Is the face symmetric with correct features? Is the intended emotion clearly readable? Note any distortions. Rate: PASS or FAIL.",qwen3-vl 
p2,Human realism,Faces & Expressions,Medium,Emotion clearly readable and convincing,"A portrait capturing genuine surprise — raised eyebrows, wide eyes, slightly open mouth","Look at the face(s) in this image. The prompt asked for: ""A portrait capturing genuine surprise — raised eyebrows, wide eyes, slightly open mouth"". Is the face symmetric with correct features? Is the intended emotion clearly readable? Note any distortions. Rate: PASS or FAIL.",qwen3-vl 
p3,Human realism,Faces & Expressions,Medium,Emotion clearly readable and convincing,"A face showing quiet melancholy — downcast eyes, slightly drawn mouth, distant gaze","Look at the face(s) in this image. The prompt asked for: ""A face showing quiet melancholy — downcast eyes, slightly drawn mouth, distant gaze"". Is the face symmetric with correct features? Is the intended emotion clearly readable? Note any distortions. Rate: PASS or FAIL.",qwen3-vl 
p1,Human realism,Full Body,Easy,"Correct limb count, natural proportions, no distortion","A woman standing upright in a relaxed pose, arms at her sides, wearing jeans and a white t-shirt","Examine the full body in this image. The prompt was: ""A woman standing upright in a relaxed pose, arms at her sides, wearing jeans and a white t-shirt"". Are limb count, proportions, and pose anatomically correct? Is the described action/pose recognizable? Note any distortions. Rate: PASS or FAIL.",qwen3-vl 
p2,Human realism,Full Body,Easy,"Correct limb count, natural proportions, no distortion","A man standing straight facing the camera, hands in pockets, normal proportions","Examine the full body in this image. The prompt was: ""A man standing straight facing the camera, hands in pockets, normal proportions"". Are limb count, proportions, and pose anatomically correct? Is the described action/pose recognizable? Note any distortions. Rate: PASS or FAIL.",qwen3-vl 
p3,Human realism,Full Body,Easy,"Correct limb count, natural proportions, no distortion","A person standing in a neutral pose in a park, full body visible from head to feet","Examine the full body in this image. The prompt was: ""A person standing in a neutral pose in a park, full body visible from head to feet"". Are limb count, proportions, and pose anatomically correct? Is the described action/pose recognizable? Note any distortions. Rate: PASS or FAIL.",qwen3-vl 
p1,Human realism,Full Body,Extreme,All bodies correct + spatial interaction plausible,"Two tango dancers in a close embrace, the man dipping the woman backward with intertwined legs","Examine the full body in this image. The prompt was: ""Two tango dancers in a close embrace, the man dipping the woman backward with intertwined legs"". Are limb count, proportions, and pose anatomically correct? Is the described action/pose recognizable? Note any distortions. Rate: PASS or FAIL.",qwen3-vl 
p2,Human realism,Full Body,Extreme,All bodies correct + spatial interaction plausible,"Two soccer players mid-tackle, one sliding and the other jumping over with the ball at their feet","Examine the full body in this image. The prompt was: ""Two soccer players mid-tackle, one sliding and the other jumping over with the ball at their feet"". Are limb count, proportions, and pose anatomically correct? Is the described action/pose recognizable? Note any distortions. Rate: PASS or FAIL.",qwen3-vl 
p3,Human realism,Full Body,Extreme,All bodies correct + spatial interaction plausible,"Two gymnasts performing a synchronized handstand, side by side with identical body alignment","Examine the full body in this image. The prompt was: ""Two gymnasts performing a synchronized handstand, side by side with identical body alignment"". Are limb count, proportions, and pose anatomically correct? Is the described action/pose recognizable? Note any distortions. Rate: PASS or FAIL.",qwen3-vl 
p1,Human realism,Full Body,Hard,Pose recognizable + anatomy correct + limbs coherent,"A person in a yoga tree pose — standing on one leg with the other foot pressed to the inner thigh, arms raised overhead","Examine the full body in this image. The prompt was: ""A person in a yoga tree pose — standing on one leg with the other foot pressed to the inner thigh, arms raised overhead"". Are limb count, proportions, and pose anatomically correct? Is the described action/pose recognizable? Note any distortions. Rate: PASS or FAIL.",qwen3-vl 
p2,Human realism,Full Body,Hard,Pose recognizable + anatomy correct + limbs coherent,A rock climber clinging to a cliff face with arms and legs extended to different holds,"Examine the full body in this image. The prompt was: ""A rock climber clinging to a cliff face with arms and legs extended to different holds"". Are limb count, proportions, and pose anatomically correct? Is the described action/pose recognizable? Note any distortions. Rate: PASS or FAIL.",qwen3-vl 
p3,Human realism,Full Body,Hard,Pose recognizable + anatomy correct + limbs coherent,"A cellist seated with correct posture, legs around the instrument, bow arm extended","Examine the full body in this image. The prompt was: ""A cellist seated with correct posture, legs around the instrument, bow arm extended"". Are limb count, proportions, and pose anatomically correct? Is the described action/pose recognizable? Note any distortions. Rate: PASS or FAIL.",qwen3-vl 
p1,Human realism,Full Body,Medium,Anatomically plausible pose + correct proportions,"A woman mid-stride running through a park, hair and clothes showing motion","Examine the full body in this image. The prompt was: ""A woman mid-stride running through a park, hair and clothes showing motion"". Are limb count, proportions, and pose anatomically correct? Is the described action/pose recognizable? Note any distortions. Rate: PASS or FAIL.",qwen3-vl 
p2,Human realism,Full Body,Medium,Anatomically plausible pose + correct proportions,"A man captured mid-jump over a puddle, body in the air with bent knees","Examine the full body in this image. The prompt was: ""A man captured mid-jump over a puddle, body in the air with bent knees"". Are limb count, proportions, and pose anatomically correct? Is the described action/pose recognizable? Note any distortions. Rate: PASS or FAIL.",qwen3-vl 
p3,Human realism,Full Body,Medium,Anatomically plausible pose + correct proportions,"A dancer in a dynamic spin, dress flowing outward with one leg extended","Examine the full body in this image. The prompt was: ""A dancer in a dynamic spin, dress flowing outward with one leg extended"". Are limb count, proportions, and pose anatomically correct? Is the described action/pose recognizable? Note any distortions. Rate: PASS or FAIL.",qwen3-vl 
p1,Human realism,Hands,Easy,"Correct finger count (5 per hand), natural proportions","A person standing with both hands visible at their sides, fingers relaxed and naturally spread","Examine the hands in this image closely. The prompt was: ""A person standing with both hands visible at their sides, fingers relaxed and naturally spread"". Count the fingers on each visible hand. Are there exactly 5 per hand? Is the grip/gesture anatomically correct? Note any anomalies. Rate: PASS or FAIL.",qwen35-122b 
p2,Human realism,Hands,Easy,"Correct finger count (5 per hand), natural proportions","A woman holding her hands out in front of her palms-up, all ten fingers clearly visible","Examine the hands in this image closely. The prompt was: ""A woman holding her hands out in front of her palms-up, all ten fingers clearly visible"". Count the fingers on each visible hand. Are there exactly 5 per hand? Is the grip/gesture anatomically correct? Note any anomalies. Rate: PASS or FAIL.",qwen35-122b 
p3,Human realism,Hands,Easy,"Correct finger count (5 per hand), natural proportions","A man with arms crossed, both hands resting on opposite upper arms with fingers visible","Examine the hands in this image closely. The prompt was: ""A man with arms crossed, both hands resting on opposite upper arms with fingers visible"". Count the fingers on each visible hand. Are there exactly 5 per hand? Is the grip/gesture anatomically correct? Note any anomalies. Rate: PASS or FAIL.",qwen35-122b 
p1,Human realism,Hands,Extreme,All hands anatomically correct + interaction coherent,"Two people shaking hands in a professional setting, all fingers of both hands anatomically correct","Examine the hands in this image closely. The prompt was: ""Two people shaking hands in a professional setting, all fingers of both hands anatomically correct"". Count the fingers on each visible hand. Are there exactly 5 per hand? Is the grip/gesture anatomically correct? Note any anomalies. Rate: PASS or FAIL.",qwen35-122b 
p2,Human realism,Hands,Extreme,All hands anatomically correct + interaction coherent,"Two people doing a high-five, palms meeting with all fingers extended on both hands","Examine the hands in this image closely. The prompt was: ""Two people doing a high-five, palms meeting with all fingers extended on both hands"". Count the fingers on each visible hand. Are there exactly 5 per hand? Is the grip/gesture anatomically correct? Note any anomalies. Rate: PASS or FAIL.",qwen35-122b 
p3,Human realism,Hands,Extreme,All hands anatomically correct + interaction coherent,"One person handing a small gift box to another person, both sets of hands gripping the box correctly","Examine the hands in this image closely. The prompt was: ""One person handing a small gift box to another person, both sets of hands gripping the box correctly"". Count the fingers on each visible hand. Are there exactly 5 per hand? Is the grip/gesture anatomically correct? Note any anomalies. Rate: PASS or FAIL.",qwen35-122b 
p1,Human realism,Hands,Hard,Gesture accurate + anatomy correct,"A person making a peace sign with their right hand, clearly showing two fingers up and three curled","Examine the hands in this image closely. The prompt was: ""A person making a peace sign with their right hand, clearly showing two fingers up and three curled"". Count the fingers on each visible hand. Are there exactly 5 per hand? Is the grip/gesture anatomically correct? Note any anomalies. Rate: PASS or FAIL.",qwen35-122b 
p2,Human realism,Hands,Hard,Gesture accurate + anatomy correct,A hand giving a thumbs-up with four fingers curled and thumb extended upward,"Examine the hands in this image closely. The prompt was: ""A hand giving a thumbs-up with four fingers curled and thumb extended upward"". Count the fingers on each visible hand. Are there exactly 5 per hand? Is the grip/gesture anatomically correct? Note any anomalies. Rate: PASS or FAIL.",qwen35-122b 
p3,Human realism,Hands,Hard,Gesture accurate + anatomy correct,"A person counting to three on their fingers, with index, middle, and ring fingers extended","Examine the hands in this image closely. The prompt was: ""A person counting to three on their fingers, with index, middle, and ring fingers extended"". Count the fingers on each visible hand. Are there exactly 5 per hand? Is the grip/gesture anatomically correct? Note any anomalies. Rate: PASS or FAIL.",qwen35-122b 
p1,Human realism,Hands,Medium,Correct grip + correct finger count + object properly held,A person holding a white ceramic coffee mug by the handle with their right hand,"Examine the hands in this image closely. The prompt was: ""A person holding a white ceramic coffee mug by the handle with their right hand"". Count the fingers on each visible hand. Are there exactly 5 per hand? Is the grip/gesture anatomically correct? Note any anomalies. Rate: PASS or FAIL.",qwen35-122b 
p2,Human realism,Hands,Medium,Correct grip + correct finger count + object properly held,A woman writing in a notebook with a pen gripped correctly in her right hand,"Examine the hands in this image closely. The prompt was: ""A woman writing in a notebook with a pen gripped correctly in her right hand"". Count the fingers on each visible hand. Are there exactly 5 per hand? Is the grip/gesture anatomically correct? Note any anomalies. Rate: PASS or FAIL.",qwen35-122b 
p3,Human realism,Hands,Medium,Correct grip + correct finger count + object properly held,A person playing an acoustic guitar with left hand on the fretboard and right hand strumming,"Examine the hands in this image closely. The prompt was: ""A person playing an acoustic guitar with left hand on the fretboard and right hand strumming"". Count the fingers on each visible hand. Are there exactly 5 per hand? Is the grip/gesture anatomically correct? Note any anomalies. Rate: PASS or FAIL.",qwen35-122b 
p1,Human realism,Multi-Subject,Easy,"Two separate individuals, features not merged","Two women standing side by side: one with short blonde hair wearing a red jacket, the other with long black hair wearing a blue dress","The prompt described multiple distinct people: ""Two women standing side by side: one with short blonde hair wearing a red jacket, the other with long black hair wearing a blue dress"". Are all individuals present, visually distinct, and matching their described features? List each person and their observed traits. Rate: PASS or FAIL.",qwen3-vl 
p2,Human realism,Multi-Subject,Easy,"Two separate individuals, features not merged","Two men at a cafe: one with a beard and glasses wearing a green sweater, the other clean-shaven in a black hoodie","The prompt described multiple distinct people: ""Two men at a cafe: one with a beard and glasses wearing a green sweater, the other clean-shaven in a black hoodie"". Are all individuals present, visually distinct, and matching their described features? List each person and their observed traits. Rate: PASS or FAIL.",qwen3-vl 
p3,Human realism,Multi-Subject,Easy,"Two separate individuals, features not merged","Two friends posing: one tall with curly red hair in denim overalls, the other short with straight brown hair in a yellow sundress","The prompt described multiple distinct people: ""Two friends posing: one tall with curly red hair in denim overalls, the other short with straight brown hair in a yellow sundress"". Are all individuals present, visually distinct, and matching their described features? List each person and their observed traits. Rate: PASS or FAIL.",qwen3-vl 
p1,Human realism,Multi-Subject,Medium,All individuals distinct and identifiable,"Four people at a dinner table: a bald man in a suit, a woman with silver hair in a red blouse, a young man with dreadlocks in a denim jacket, and a woman with a hijab in a green dress","The prompt described multiple distinct people: ""Four people at a dinner table: a bald man in a suit, a woman with silver hair in a red blouse, a young man with dreadlocks in a denim jacket, and a woman with a hijab in a green dress"". Are all individuals present, visually distinct, and matching their described features? List each person and their observed traits. Rate: PASS or FAIL.",qwen3-vl 
p2,Human realism,Multi-Subject,Medium,All individuals distinct and identifiable,"Three musicians on stage: a tall woman with short pink hair playing bass, a man with a beard and bandana on drums, and a slim man with glasses playing keyboard","The prompt described multiple distinct people: ""Three musicians on stage: a tall woman with short pink hair playing bass, a man with a beard and bandana on drums, and a slim man with glasses playing keyboard"". Are all individuals present, visually distinct, and matching their described features? List each person and their observed traits. Rate: PASS or FAIL.",qwen3-vl 
p3,Human realism,Multi-Subject,Medium,All individuals distinct and identifiable,"Three hikers on a trail: a man with a backpack and sunhat, a woman with braided hair and hiking poles, and a teenager with a baseball cap and water bottle","The prompt described multiple distinct people: ""Three hikers on a trail: a man with a backpack and sunhat, a woman with braided hair and hiking poles, and a teenager with a baseball cap and water bottle"". Are all individuals present, visually distinct, and matching their described features? List each person and their observed traits. Rate: PASS or FAIL.",qwen3-vl 
p1,Professional Studio,Camera & Lighting,Easy,Perspective matches requested camera type,A wide-angle shot of a modern living room interior showing expansive space with slight barrel distortion at the edges,"The prompt specified camera/lighting: ""A wide-angle shot of a modern living room interior showing expansive space with slight barrel distortion at the edges"". Does the perspective, depth of field, and lighting pattern match what was described? Rate: PASS or FAIL.",gemma4-26b 
p2,Professional Studio,Camera & Lighting,Easy,Perspective matches requested camera type,"A close-up macro shot of a single dewdrop on a rose petal, shallow depth of field","The prompt specified camera/lighting: ""A close-up macro shot of a single dewdrop on a rose petal, shallow depth of field"". Does the perspective, depth of field, and lighting pattern match what was described? Rate: PASS or FAIL.",gemma4-26b 
p3,Professional Studio,Camera & Lighting,Easy,Perspective matches requested camera type,An aerial bird's-eye view looking straight down at a traffic roundabout with cars and trees,"The prompt specified camera/lighting: ""An aerial bird's-eye view looking straight down at a traffic roundabout with cars and trees"". Does the perspective, depth of field, and lighting pattern match what was described? Rate: PASS or FAIL.",gemma4-26b 
p1,Professional Studio,Camera & Lighting,Extreme,Specific cinematic effect achieved,"A tilt-shift photograph of a city street making real-life look like a miniature model — selective focus strip, saturated colors","The prompt specified camera/lighting: ""A tilt-shift photograph of a city street making real-life look like a miniature model — selective focus strip, saturated colors"". Does the perspective, depth of field, and lighting pattern match what was described? Rate: PASS or FAIL.",gemma4-26b 
p2,Professional Studio,Camera & Lighting,Extreme,Specific cinematic effect achieved,A cinematic frame with blue and orange anamorphic lens flare streaking horizontally across a dark moody scene,"The prompt specified camera/lighting: ""A cinematic frame with blue and orange anamorphic lens flare streaking horizontally across a dark moody scene"". Does the perspective, depth of field, and lighting pattern match what was described? Rate: PASS or FAIL.",gemma4-26b 
p3,Professional Studio,Camera & Lighting,Extreme,Specific cinematic effect achieved,"A portrait with dramatic split lighting — half the face brightly lit, the other half in deep shadow, high contrast chiaroscuro","The prompt specified camera/lighting: ""A portrait with dramatic split lighting — half the face brightly lit, the other half in deep shadow, high contrast chiaroscuro"". Does the perspective, depth of field, and lighting pattern match what was described? Rate: PASS or FAIL.",gemma4-26b 
p1,Professional Studio,Camera & Lighting,Hard,DOF + focal length + lighting all match,"A portrait shot at 85mm f/1.4 with creamy bokeh background, backlit with warm rim light separating the subject from a blurred garden","The prompt specified camera/lighting: ""A portrait shot at 85mm f/1.4 with creamy bokeh background, backlit with warm rim light separating the subject from a blurred garden"". Does the perspective, depth of field, and lighting pattern match what was described? Rate: PASS or FAIL.",gemma4-26b 
p2,Professional Studio,Camera & Lighting,Hard,DOF + focal length + lighting all match,"A street photograph with shallow depth of field as if shot at 50mm f/1.8, subject sharp with soft city lights in the background","The prompt specified camera/lighting: ""A street photograph with shallow depth of field as if shot at 50mm f/1.8, subject sharp with soft city lights in the background"". Does the perspective, depth of field, and lighting pattern match what was described? Rate: PASS or FAIL.",gemma4-26b 
p3,Professional Studio,Camera & Lighting,Hard,DOF + focal length + lighting all match,"A food photograph shot from above at 35mm f/2.8 with natural window light from the left, slight vignette, warm color temperature","The prompt specified camera/lighting: ""A food photograph shot from above at 35mm f/2.8 with natural window light from the left, slight vignette, warm color temperature"". Does the perspective, depth of field, and lighting pattern match what was described? Rate: PASS or FAIL.",gemma4-26b 
p1,Professional Studio,Camera & Lighting,Medium,Lighting pattern recognizably matches name,"A portrait lit with classic Rembrandt lighting — triangle of light on the shadowed cheek, moody atmosphere","The prompt specified camera/lighting: ""A portrait lit with classic Rembrandt lighting — triangle of light on the shadowed cheek, moody atmosphere"". Does the perspective, depth of field, and lighting pattern match what was described? Rate: PASS or FAIL.",gemma4-26b 
p2,Professional Studio,Camera & Lighting,Medium,Lighting pattern recognizably matches name,"A landscape photograph bathed in golden hour light — long warm shadows, orange sky, soft glow","The prompt specified camera/lighting: ""A landscape photograph bathed in golden hour light — long warm shadows, orange sky, soft glow"". Does the perspective, depth of field, and lighting pattern match what was described? Rate: PASS or FAIL.",gemma4-26b 
p3,Professional Studio,Camera & Lighting,Medium,Lighting pattern recognizably matches name,"A high-key portrait of a person against a bright white background, minimal shadows, airy and luminous","The prompt specified camera/lighting: ""A high-key portrait of a person against a bright white background, minimal shadows, airy and luminous"". Does the perspective, depth of field, and lighting pattern match what was described? Rate: PASS or FAIL.",gemma4-26b 
p1,Professional Studio,Color Precision,Easy,Color matches name — no ambiguity,A bright red sports car parked on a gray asphalt road — the red is vivid and unambiguous,"The prompt specified exact colors: ""A bright red sports car parked on a gray asphalt road — the red is vivid and unambiguous"". Do the colors in the image match the described/named colors or hex values? Rate: PASS or FAIL.",gemma4-26b 
p2,Professional Studio,Color Precision,Easy,Color matches name — no ambiguity,A woman wearing a royal blue evening dress against a neutral background,"The prompt specified exact colors: ""A woman wearing a royal blue evening dress against a neutral background"". Do the colors in the image match the described/named colors or hex values? Rate: PASS or FAIL.",gemma4-26b 
p3,Professional Studio,Color Precision,Easy,Color matches name — no ambiguity,A field of pure sunflower yellow flowers under a clear blue sky,"The prompt specified exact colors: ""A field of pure sunflower yellow flowers under a clear blue sky"". Do the colors in the image match the described/named colors or hex values? Rate: PASS or FAIL.",gemma4-26b 
p1,Professional Studio,Color Precision,Extreme,Gradient direction + endpoint colors correct,"A smooth gradient on a wall going from #FF0000 (red) on the left to #0000FF (blue) on the right, transitioning evenly through purple","The prompt specified exact colors: ""A smooth gradient on a wall going from #FF0000 (red) on the left to #0000FF (blue) on the right, transitioning evenly through purple"". Do the colors in the image match the described/named colors or hex values? Rate: PASS or FAIL.",gemma4-26b 
p2,Professional Studio,Color Precision,Extreme,Gradient direction + endpoint colors correct,A sunset sky gradient on a flat surface from #FF6B35 (orange) at the bottom to #1B1464 (deep indigo) at the top,"The prompt specified exact colors: ""A sunset sky gradient on a flat surface from #FF6B35 (orange) at the bottom to #1B1464 (deep indigo) at the top"". Do the colors in the image match the described/named colors or hex values? Rate: PASS or FAIL.",gemma4-26b 
p3,Professional Studio,Color Precision,Extreme,Gradient direction + endpoint colors correct,A horizontal banner with a gradient from #00C9FF (cyan) on the left to #92FE9D (mint green) on the right,"The prompt specified exact colors: ""A horizontal banner with a gradient from #00C9FF (cyan) on the left to #92FE9D (mint green) on the right"". Do the colors in the image match the described/named colors or hex values? Rate: PASS or FAIL.",gemma4-26b 
p1,Professional Studio,Color Precision,Hard,All three colors present + correctly assigned,"A minimalist room with walls in #F5E6CC (warm cream), a sofa in #2C3E50 (dark navy), and accent pillows in #E74C3C (bright red)","The prompt specified exact colors: ""A minimalist room with walls in #F5E6CC (warm cream), a sofa in #2C3E50 (dark navy), and accent pillows in #E74C3C (bright red)"". Do the colors in the image match the described/named colors or hex values? Rate: PASS or FAIL.",gemma4-26b 
p2,Professional Studio,Color Precision,Hard,All three colors present + correctly assigned,"A product flat-lay on a #1A1A2E (deep dark blue) background, with a #F0C27F (soft gold) watch and #FFFFFF (pure white) earbuds","The prompt specified exact colors: ""A product flat-lay on a #1A1A2E (deep dark blue) background, with a #F0C27F (soft gold) watch and #FFFFFF (pure white) earbuds"". Do the colors in the image match the described/named colors or hex values? Rate: PASS or FAIL.",gemma4-26b 
p3,Professional Studio,Color Precision,Hard,All three colors present + correctly assigned,"A graphic design composition with background #FAFAFA (near-white), main shape #FF4500 (orange-red), and accent lines #333333 (dark charcoal)","The prompt specified exact colors: ""A graphic design composition with background #FAFAFA (near-white), main shape #FF4500 (orange-red), and accent lines #333333 (dark charcoal)"". Do the colors in the image match the described/named colors or hex values? Rate: PASS or FAIL.",gemma4-26b 
p1,Professional Studio,Color Precision,Medium,Measurable closeness to hex value in output,A bedroom wall painted in #FF6B35 (burnt orange) with white furniture and natural daylight,"The prompt specified exact colors: ""A bedroom wall painted in #FF6B35 (burnt orange) with white furniture and natural daylight"". Do the colors in the image match the described/named colors or hex values? Rate: PASS or FAIL.",gemma4-26b 
p2,Professional Studio,Color Precision,Medium,Measurable closeness to hex value in output,A forest scene where the foliage is precisely #2D5F2D (dark muted green) with brown tree trunks,"The prompt specified exact colors: ""A forest scene where the foliage is precisely #2D5F2D (dark muted green) with brown tree trunks"". Do the colors in the image match the described/named colors or hex values? Rate: PASS or FAIL.",gemma4-26b 
p3,Professional Studio,Color Precision,Medium,Measurable closeness to hex value in output,A room with walls in #4A90D9 (medium blue) with warm wooden floor and white trim,"The prompt specified exact colors: ""A room with walls in #4A90D9 (medium blue) with warm wooden floor and white trim"". Do the colors in the image match the described/named colors or hex values? Rate: PASS or FAIL.",gemma4-26b 
p1,Professional Studio,Photorealism,Easy,Passes for a photo at first glance — no obvious artifacts,A single red sneaker on a clean white background with soft studio lighting and gentle shadow — product photography style,"This should be a studio-quality product shot. The prompt was: ""A single red sneaker on a clean white background with soft studio lighting and gentle shadow — product photography style"". Does it pass for a real photograph at first glance? Any obvious AI artifacts? Rate: PASS or FAIL.",gemma4-26b 
p2,Professional Studio,Photorealism,Easy,Passes for a photo at first glance — no obvious artifacts,"A clear glass perfume bottle on a reflective black surface with studio lighting, no background distractions","This should be a studio-quality product shot. The prompt was: ""A clear glass perfume bottle on a reflective black surface with studio lighting, no background distractions"". Does it pass for a real photograph at first glance? Any obvious AI artifacts? Rate: PASS or FAIL.",gemma4-26b 
p3,Professional Studio,Photorealism,Easy,Passes for a photo at first glance — no obvious artifacts,A ripe green apple on a seamless white background with soft side lighting and subtle shadow — catalog style,"This should be a studio-quality product shot. The prompt was: ""A ripe green apple on a seamless white background with soft side lighting and subtle shadow — catalog style"". Does it pass for a real photograph at first glance? Any obvious AI artifacts? Rate: PASS or FAIL.",gemma4-26b 
p1,Spatial Reasoning,Attributes Binding,Easy,Each color on correct object — no swap,A red ball and a blue cube sitting side by side on a white surface,"The prompt asked for specific objects with specific attributes: ""A red ball and a blue cube sitting side by side on a white surface"". Is each attribute (color, size, shape) correctly bound to the right object with no swaps? List each object and its observed attributes. Rate: PASS or FAIL.",qwen35-122b 
p2,Spatial Reasoning,Attributes Binding,Easy,Each color on correct object — no swap,A green apple and an orange pumpkin on a wooden cutting board,"The prompt asked for specific objects with specific attributes: ""A green apple and an orange pumpkin on a wooden cutting board"". Is each attribute (color, size, shape) correctly bound to the right object with no swaps? List each object and its observed attributes. Rate: PASS or FAIL.",qwen35-122b 
p3,Spatial Reasoning,Attributes Binding,Easy,Each color on correct object — no swap,A yellow taxi and a black limousine parked next to each other on a street,"The prompt asked for specific objects with specific attributes: ""A yellow taxi and a black limousine parked next to each other on a street"". Is each attribute (color, size, shape) correctly bound to the right object with no swaps? List each object and its observed attributes. Rate: PASS or FAIL.",qwen35-122b 
p1,Spatial Reasoning,Attributes Binding,Hard,Non-default attributes respected,"A pink fire truck, a blue banana, and a green sun in a surreal landscape","The prompt asked for specific objects with specific attributes: ""A pink fire truck, a blue banana, and a green sun in a surreal landscape"". Is each attribute (color, size, shape) correctly bound to the right object with no swaps? List each object and its observed attributes. Rate: PASS or FAIL.",qwen35-122b 
p2,Spatial Reasoning,Attributes Binding,Hard,Non-default attributes respected,"A purple carrot, a red tree with red leaves, and a white watermelon sliced open","The prompt asked for specific objects with specific attributes: ""A purple carrot, a red tree with red leaves, and a white watermelon sliced open"". Is each attribute (color, size, shape) correctly bound to the right object with no swaps? List each object and its observed attributes. Rate: PASS or FAIL.",qwen35-122b 
p3,Spatial Reasoning,Attributes Binding,Hard,Non-default attributes respected,"An orange elephant, a yellow penguin, and a silver strawberry arranged on a table","The prompt asked for specific objects with specific attributes: ""An orange elephant, a yellow penguin, and a silver strawberry arranged on a table"". Is each attribute (color, size, shape) correctly bound to the right object with no swaps? List each object and its observed attributes. Rate: PASS or FAIL.",qwen35-122b 
p1,Spatial Reasoning,Attributes Binding,Medium,All attributes correctly bound,"A large red circle, a small blue triangle, and a medium green star arranged on a white canvas","The prompt asked for specific objects with specific attributes: ""A large red circle, a small blue triangle, and a medium green star arranged on a white canvas"". Is each attribute (color, size, shape) correctly bound to the right object with no swaps? List each object and its observed attributes. Rate: PASS or FAIL.",qwen35-122b 
p2,Spatial Reasoning,Attributes Binding,Medium,All attributes correctly bound,"A tall thin white candle, a short fat red candle, and a medium spiral yellow candle on a shelf","The prompt asked for specific objects with specific attributes: ""A tall thin white candle, a short fat red candle, and a medium spiral yellow candle on a shelf"". Is each attribute (color, size, shape) correctly bound to the right object with no swaps? List each object and its observed attributes. Rate: PASS or FAIL.",qwen35-122b 
p3,Spatial Reasoning,Attributes Binding,Medium,All attributes correctly bound,"A big brown horse, a small white rabbit, and a medium-sized black cat standing in a meadow","The prompt asked for specific objects with specific attributes: ""A big brown horse, a small white rabbit, and a medium-sized black cat standing in a meadow"". Is each attribute (color, size, shape) correctly bound to the right object with no swaps? List each object and its observed attributes. Rate: PASS or FAIL.",qwen35-122b 
p1,Spatial Reasoning,Compositionality,Easy,Both concepts present and combined,A tabby cat wearing oversized red sunglasses,"The prompt combined unusual concepts: ""A tabby cat wearing oversized red sunglasses"". Are ALL described elements present and coherently combined in the image? List each element and whether it's present. Rate: PASS or FAIL.",qwen35-122b 
p2,Spatial Reasoning,Compositionality,Easy,Both concepts present and combined,A golden retriever wearing a tiny cowboy hat,"The prompt combined unusual concepts: ""A golden retriever wearing a tiny cowboy hat"". Are ALL described elements present and coherently combined in the image? List each element and whether it's present. Rate: PASS or FAIL.",qwen35-122b 
p3,Spatial Reasoning,Compositionality,Easy,Both concepts present and combined,A penguin holding a colorful umbrella,"The prompt combined unusual concepts: ""A penguin holding a colorful umbrella"". Are ALL described elements present and coherently combined in the image? List each element and whether it's present. Rate: PASS or FAIL.",qwen35-122b 
p1,Spatial Reasoning,Compositionality,Hard,All elements present and coherent,An octopus wearing a top hat and monocle playing chess on the surface of the moon with Earth visible in the background,"The prompt combined unusual concepts: ""An octopus wearing a top hat and monocle playing chess on the surface of the moon with Earth visible in the background"". Are ALL described elements present and coherently combined in the image? List each element and whether it's present. Rate: PASS or FAIL.",qwen35-122b 
p2,Spatial Reasoning,Compositionality,Hard,All elements present and coherent,A dinosaur in a business suit giving a PowerPoint presentation in a modern office while drinking coffee,"The prompt combined unusual concepts: ""A dinosaur in a business suit giving a PowerPoint presentation in a modern office while drinking coffee"". Are ALL described elements present and coherently combined in the image? List each element and whether it's present. Rate: PASS or FAIL.",qwen35-122b 
p3,Spatial Reasoning,Compositionality,Hard,All elements present and coherent,A robot dressed as a pirate sailing a paper boat on a lake of lava while juggling three kittens,"The prompt combined unusual concepts: ""A robot dressed as a pirate sailing a paper boat on a lake of lava while juggling three kittens"". Are ALL described elements present and coherently combined in the image? List each element and whether it's present. Rate: PASS or FAIL.",qwen35-122b 
p1,Spatial Reasoning,Compositionality,Medium,Both domains convincingly merged,A medieval knight in full armor sitting at a desk typing on a modern laptop,"The prompt combined unusual concepts: ""A medieval knight in full armor sitting at a desk typing on a modern laptop"". Are ALL described elements present and coherently combined in the image? List each element and whether it's present. Rate: PASS or FAIL.",qwen35-122b 
p2,Spatial Reasoning,Compositionality,Medium,Both domains convincingly merged,A Roman gladiator taking a selfie with a smartphone in the Colosseum,"The prompt combined unusual concepts: ""A Roman gladiator taking a selfie with a smartphone in the Colosseum"". Are ALL described elements present and coherently combined in the image? List each element and whether it's present. Rate: PASS or FAIL.",qwen35-122b 
p3,Spatial Reasoning,Compositionality,Medium,Both domains convincingly merged,An astronaut in a spacesuit riding a bicycle through a park,"The prompt combined unusual concepts: ""An astronaut in a spacesuit riding a bicycle through a park"". Are ALL described elements present and coherently combined in the image? List each element and whether it's present. Rate: PASS or FAIL.",qwen35-122b 
p1,Spatial Reasoning,Counting,Easy,Count correct — binary,Exactly 3 red apples arranged on a wooden table,"Count the objects in this image. The prompt asked for: ""Exactly 3 red apples arranged on a wooden table"". How many of each object type do you see? Does the count exactly match what was requested? Rate: PASS or FAIL.",qwen35-122b 
p2,Spatial Reasoning,Counting,Easy,Count correct — binary,Exactly 5 yellow rubber ducks sitting in a row on a bathroom shelf,"Count the objects in this image. The prompt asked for: ""Exactly 5 yellow rubber ducks sitting in a row on a bathroom shelf"". How many of each object type do you see? Does the count exactly match what was requested? Rate: PASS or FAIL.",qwen35-122b 
p3,Spatial Reasoning,Counting,Easy,Count correct — binary,Exactly 4 white candles standing on a dark surface,"Count the objects in this image. The prompt asked for: ""Exactly 4 white candles standing on a dark surface"". How many of each object type do you see? Does the count exactly match what was requested? Rate: PASS or FAIL.",qwen35-122b 
p1,Spatial Reasoning,Counting,Hard,Exact count match,Exactly 9 goldfish swimming in a large round fishbowl,"Count the objects in this image. The prompt asked for: ""Exactly 9 goldfish swimming in a large round fishbowl"". How many of each object type do you see? Does the count exactly match what was requested? Rate: PASS or FAIL.",qwen35-122b 
p2,Spatial Reasoning,Counting,Hard,Exact count match,"A fruit bowl containing exactly 3 bananas, 4 oranges, and 2 apples","Count the objects in this image. The prompt asked for: ""A fruit bowl containing exactly 3 bananas, 4 oranges, and 2 apples"". How many of each object type do you see? Does the count exactly match what was requested? Rate: PASS or FAIL.",qwen35-122b 
p3,Spatial Reasoning,Counting,Hard,Exact count match,Exactly 11 colorful balloons floating against a clear blue sky,"Count the objects in this image. The prompt asked for: ""Exactly 11 colorful balloons floating against a clear blue sky"". How many of each object type do you see? Does the count exactly match what was requested? Rate: PASS or FAIL.",qwen35-122b 
p1,Spatial Reasoning,Counting,Medium,Both counts correct,2 orange cats and 3 black dogs sitting together on a grassy lawn,"Count the objects in this image. The prompt asked for: ""2 orange cats and 3 black dogs sitting together on a grassy lawn"". How many of each object type do you see? Does the count exactly match what was requested? Rate: PASS or FAIL.",qwen35-122b 
p2,Spatial Reasoning,Counting,Medium,Both counts correct,4 red roses and 2 white daisies in a glass vase on a table,"Count the objects in this image. The prompt asked for: ""4 red roses and 2 white daisies in a glass vase on a table"". How many of each object type do you see? Does the count exactly match what was requested? Rate: PASS or FAIL.",qwen35-122b 
p3,Spatial Reasoning,Counting,Medium,Both counts correct,1 blue butterfly and 3 yellow butterflies resting on a garden fence,"Count the objects in this image. The prompt asked for: ""1 blue butterfly and 3 yellow butterflies resting on a garden fence"". How many of each object type do you see? Does the count exactly match what was requested? Rate: PASS or FAIL.",qwen35-122b 
p1,Spatial Reasoning,Negation,Easy,Excluded element truly absent — binary,A tropical beach scene with no people,"The prompt explicitly excluded certain elements: ""A tropical beach scene with no people"". Carefully check: is the excluded element truly absent from the image? Describe what you see. Rate: PASS if excluded element is absent, FAIL if present.",qwen35-122b 
p2,Spatial Reasoning,Negation,Easy,Excluded element truly absent — binary,A cat lying on a couch without a collar,"The prompt explicitly excluded certain elements: ""A cat lying on a couch without a collar"". Carefully check: is the excluded element truly absent from the image? Describe what you see. Rate: PASS if excluded element is absent, FAIL if present.",qwen35-122b 
p3,Spatial Reasoning,Negation,Easy,Excluded element truly absent — binary,A classroom with desks and a chalkboard but no students,"The prompt explicitly excluded certain elements: ""A classroom with desks and a chalkboard but no students"". Carefully check: is the excluded element truly absent from the image? Describe what you see. Rate: PASS if excluded element is absent, FAIL if present.",qwen35-122b 
p1,Spatial Reasoning,Negation,Hard,Correct inclusion AND exclusion,"A pepperoni pizza with tomato sauce, basil, and crust but absolutely no cheese","The prompt explicitly excluded certain elements: ""A pepperoni pizza with tomato sauce, basil, and crust but absolutely no cheese"". Carefully check: is the excluded element truly absent from the image? Describe what you see. Rate: PASS if excluded element is absent, FAIL if present.",qwen35-122b 
p2,Spatial Reasoning,Negation,Hard,Correct inclusion AND exclusion,"A car body with windows, doors, and headlights but no wheels","The prompt explicitly excluded certain elements: ""A car body with windows, doors, and headlights but no wheels"". Carefully check: is the excluded element truly absent from the image? Describe what you see. Rate: PASS if excluded element is absent, FAIL if present.",qwen35-122b 
p3,Spatial Reasoning,Negation,Hard,Correct inclusion AND exclusion,"A human face with eyes, nose, and mouth but no eyebrows","The prompt explicitly excluded certain elements: ""A human face with eyes, nose, and mouth but no eyebrows"". Carefully check: is the excluded element truly absent from the image? Describe what you see. Rate: PASS if excluded element is absent, FAIL if present.",qwen35-122b 
p1,Spatial Reasoning,Negation,Medium,Excluded element absent despite strong prior,"A sandy beach with palm trees, seashells, and a beach umbrella but no water or ocean visible","The prompt explicitly excluded certain elements: ""A sandy beach with palm trees, seashells, and a beach umbrella but no water or ocean visible"". Carefully check: is the excluded element truly absent from the image? Describe what you see. Rate: PASS if excluded element is absent, FAIL if present.",qwen35-122b 
p2,Spatial Reasoning,Negation,Medium,Excluded element absent despite strong prior,"An office workspace with a desk, chair, bookshelf, and lamp but no computers or screens","The prompt explicitly excluded certain elements: ""An office workspace with a desk, chair, bookshelf, and lamp but no computers or screens"". Carefully check: is the excluded element truly absent from the image? Describe what you see. Rate: PASS if excluded element is absent, FAIL if present.",qwen35-122b 
p3,Spatial Reasoning,Negation,Medium,Excluded element absent despite strong prior,"A kitchen with pots, pans, a stove, and a cutting board but no food","The prompt explicitly excluded certain elements: ""A kitchen with pots, pans, a stove, and a cutting board but no food"". Carefully check: is the excluded element truly absent from the image? Describe what you see. Rate: PASS if excluded element is absent, FAIL if present.",qwen35-122b 
p1,Spatial Reasoning,Relative Position,Easy,Spatial relation correct — binary,A cat sitting on top of a cardboard box,"The prompt specified spatial relationships: ""A cat sitting on top of a cardboard box"". Describe the spatial arrangement of the objects. Are all described positional relationships (on, under, left, right, above, below) correct? Rate: PASS or FAIL.",qwen35-122b 
p2,Spatial Reasoning,Relative Position,Easy,Spatial relation correct — binary,A red ball underneath a wooden chair,"The prompt specified spatial relationships: ""A red ball underneath a wooden chair"". Describe the spatial arrangement of the objects. Are all described positional relationships (on, under, left, right, above, below) correct? Rate: PASS or FAIL.",qwen35-122b 
p3,Spatial Reasoning,Relative Position,Easy,Spatial relation correct — binary,A coffee mug next to an open book on a desk,"The prompt specified spatial relationships: ""A coffee mug next to an open book on a desk"". Describe the spatial arrangement of the objects. Are all described positional relationships (on, under, left, right, above, below) correct? Rate: PASS or FAIL.",qwen35-122b 
p1,Spatial Reasoning,Relative Position,Extreme,Depth ordering + scale coherence,"A landscape with a red barn in the foreground at large scale, a windmill in the midground at medium scale, and snow-capped mountains in the background at small scale, all with consistent depth perspective","The prompt specified spatial relationships: ""A landscape with a red barn in the foreground at large scale, a windmill in the midground at medium scale, and snow-capped mountains in the background at small scale, all with consistent depth perspective"". Describe the spatial arrangement of the objects. Are all described positional relationships (on, under, left, right, above, below) correct? Rate: PASS or FAIL.",qwen35-122b 
p2,Spatial Reasoning,Relative Position,Extreme,Depth ordering + scale coherence,"A beach scene with a sandcastle in the foreground, a surfer on the waves in the midground, and a cruise ship on the horizon in the background, sizes decreasing with distance","The prompt specified spatial relationships: ""A beach scene with a sandcastle in the foreground, a surfer on the waves in the midground, and a cruise ship on the horizon in the background, sizes decreasing with distance"". Describe the spatial arrangement of the objects. Are all described positional relationships (on, under, left, right, above, below) correct? Rate: PASS or FAIL.",qwen35-122b 
p3,Spatial Reasoning,Relative Position,Extreme,Depth ordering + scale coherence,"A city park with a park bench and pigeons in the foreground, a fountain in the midground, and skyscrapers in the background, each layer progressively smaller","The prompt specified spatial relationships: ""A city park with a park bench and pigeons in the foreground, a fountain in the midground, and skyscrapers in the background, each layer progressively smaller"". Describe the spatial arrangement of the objects. Are all described positional relationships (on, under, left, right, above, below) correct? Rate: PASS or FAIL.",qwen35-122b 
p1,Spatial Reasoning,Relative Position,Hard,All positions match prompt,"Five chess pieces on a board: a king in the center, a queen to its left, a bishop to its right, a rook above the king, and a knight below the king","The prompt specified spatial relationships: ""Five chess pieces on a board: a king in the center, a queen to its left, a bishop to its right, a rook above the king, and a knight below the king"". Describe the spatial arrangement of the objects. Are all described positional relationships (on, under, left, right, above, below) correct? Rate: PASS or FAIL.",qwen35-122b 
p2,Spatial Reasoning,Relative Position,Hard,All positions match prompt,"A desk scene: laptop in the center, coffee mug to the left, phone to the right, lamp above, and notebook below","The prompt specified spatial relationships: ""A desk scene: laptop in the center, coffee mug to the left, phone to the right, lamp above, and notebook below"". Describe the spatial arrangement of the objects. Are all described positional relationships (on, under, left, right, above, below) correct? Rate: PASS or FAIL.",qwen35-122b 
p3,Spatial Reasoning,Relative Position,Hard,All positions match prompt,"Five animals in a field: a horse on the far left, a cow to the right of the horse, a sheep in the center, a goat to the right of the sheep, and a dog on the far right","The prompt specified spatial relationships: ""Five animals in a field: a horse on the far left, a cow to the right of the horse, a sheep in the center, a goat to the right of the sheep, and a dog on the far right"". Describe the spatial arrangement of the objects. Are all described positional relationships (on, under, left, right, above, below) correct? Rate: PASS or FAIL.",qwen35-122b 
p1,Spatial Reasoning,Relative Position,Medium,All relations correct,"A bird perched on a branch, the branch extending from a tree next to a park bench","The prompt specified spatial relationships: ""A bird perched on a branch, the branch extending from a tree next to a park bench"". Describe the spatial arrangement of the objects. Are all described positional relationships (on, under, left, right, above, below) correct? Rate: PASS or FAIL.",qwen35-122b 
p2,Spatial Reasoning,Relative Position,Medium,All relations correct,"A cat sitting on a pillow, the pillow placed on a wooden chair","The prompt specified spatial relationships: ""A cat sitting on a pillow, the pillow placed on a wooden chair"". Describe the spatial arrangement of the objects. Are all described positional relationships (on, under, left, right, above, below) correct? Rate: PASS or FAIL.",qwen35-122b 
p3,Spatial Reasoning,Relative Position,Medium,All relations correct,"A candle on top of a stack of books, the books next to a potted plant","The prompt specified spatial relationships: ""A candle on top of a stack of books, the books next to a potted plant"". Describe the spatial arrangement of the objects. Are all described positional relationships (on, under, left, right, above, below) correct? Rate: PASS or FAIL.",qwen35-122b 
p1,Spatial Reasoning,Scale & Proportions,Easy,Relative sizes correct,"A person standing next to a yellow school bus, showing realistic relative scale","The prompt described specific size relationships: ""A person standing next to a yellow school bus, showing realistic relative scale"". Are the relative sizes/proportions of the objects correct and consistent? Rate: PASS or FAIL.",qwen35-122b 
p2,Spatial Reasoning,Scale & Proportions,Easy,Relative sizes correct,"A ladybug sitting on a large green leaf, shown at realistic proportions","The prompt described specific size relationships: ""A ladybug sitting on a large green leaf, shown at realistic proportions"". Are the relative sizes/proportions of the objects correct and consistent? Rate: PASS or FAIL.",qwen35-122b 
p3,Spatial Reasoning,Scale & Proportions,Easy,Relative sizes correct,"A child holding a basketball, both at correct relative sizes","The prompt described specific size relationships: ""A child holding a basketball, both at correct relative sizes"". Are the relative sizes/proportions of the objects correct and consistent? Rate: PASS or FAIL.",qwen35-122b 
p1,Spatial Reasoning,Scale & Proportions,Hard,All proportions consistent with real-world,"A group photo of an elephant, a horse, a dog, a cat, and a mouse, all standing in a line with correct real-world proportional sizes","The prompt described specific size relationships: ""A group photo of an elephant, a horse, a dog, a cat, and a mouse, all standing in a line with correct real-world proportional sizes"". Are the relative sizes/proportions of the objects correct and consistent? Rate: PASS or FAIL.",qwen35-122b 
p2,Spatial Reasoning,Scale & Proportions,Hard,All proportions consistent with real-world,"A dinner table scene with a plate, fork, knife, wine glass, salt shaker, and peppercorn, all at realistic relative sizes","The prompt described specific size relationships: ""A dinner table scene with a plate, fork, knife, wine glass, salt shaker, and peppercorn, all at realistic relative sizes"". Are the relative sizes/proportions of the objects correct and consistent? Rate: PASS or FAIL.",qwen35-122b 
p3,Spatial Reasoning,Scale & Proportions,Hard,All proportions consistent with real-world,"A farm scene with a barn, tractor, farmer, cow, chicken, and a fence post, all at correct proportional scale","The prompt described specific size relationships: ""A farm scene with a barn, tractor, farmer, cow, chicken, and a fence post, all at correct proportional scale"". Are the relative sizes/proportions of the objects correct and consistent? Rate: PASS or FAIL.",qwen35-122b 
p1,Spatial Reasoning,Scale & Proportions,Medium,Scale contrast clearly intentional + visually coherent,"A tiny person standing on the rim of a coffee cup, looking down into it","The prompt described specific size relationships: ""A tiny person standing on the rim of a coffee cup, looking down into it"". Are the relative sizes/proportions of the objects correct and consistent? Rate: PASS or FAIL.",qwen35-122b 
p2,Spatial Reasoning,Scale & Proportions,Medium,Scale contrast clearly intentional + visually coherent,A giant tabby cat walking between city skyscrapers like a kaiju,"The prompt described specific size relationships: ""A giant tabby cat walking between city skyscrapers like a kaiju"". Are the relative sizes/proportions of the objects correct and consistent? Rate: PASS or FAIL.",qwen35-122b 
p3,Spatial Reasoning,Scale & Proportions,Medium,Scale contrast clearly intentional + visually coherent,A miniature house sitting on the palm of someone's hand,"The prompt described specific size relationships: ""A miniature house sitting on the palm of someone's hand"". Are the relative sizes/proportions of the objects correct and consistent? Rate: PASS or FAIL.",qwen35-122b 
p1,Text Rendering,Typography Style,Easy,Style + material match,"The word 'CHAPTER ONE' typed on aged paper with a vintage typewriter font, complete with slightly uneven ink","This image should show text rendered in a specific style/medium. The prompt was: ""The word 'CHAPTER ONE' typed on aged paper with a vintage typewriter font, complete with slightly uneven ink"". Does the text style convincingly match the described medium (e.g. typewriter, chalkboard, LED)? Is the text also spelled correctly? Rate: PASS or FAIL.",qwen3-vl 
p2,Text Rendering,Typography Style,Easy,Style + material match,The phrase 'TODAY'S SPECIAL' written in white chalk on a dark green chalkboard with chalk dust,"This image should show text rendered in a specific style/medium. The prompt was: ""The phrase 'TODAY'S SPECIAL' written in white chalk on a dark green chalkboard with chalk dust"". Does the text style convincingly match the described medium (e.g. typewriter, chalkboard, LED)? Is the text also spelled correctly? Rate: PASS or FAIL.",qwen3-vl 
p3,Text Rendering,Typography Style,Easy,Style + material match,The word 'OPEN' displayed on a red LED sign with glowing pixel-style letters,"This image should show text rendered in a specific style/medium. The prompt was: ""The word 'OPEN' displayed on a red LED sign with glowing pixel-style letters"". Does the text style convincingly match the described medium (e.g. typewriter, chalkboard, LED)? Is the text also spelled correctly? Rate: PASS or FAIL.",qwen3-vl 
p1,Text Rendering,Writing accuracy,Easy,Word spelled correctly — binary yes/no,A single large word 'HELLO' centered on a white background,"Look at this image. The intended text was: ""A single large word 'HELLO' centered on a white background"". Is every word spelled correctly and fully readable? List any misspellings, missing words, or illegible parts. Rate accuracy: PASS if all text is correct, FAIL otherwise.",qwen3-vl 
p2,Text Rendering,Writing accuracy,Easy,Word spelled correctly — binary yes/no,The word 'ADVENTURE' in big bold letters centered on a plain cream background,"Look at this image. The intended text was: ""The word 'ADVENTURE' in big bold letters centered on a plain cream background"". Is every word spelled correctly and fully readable? List any misspellings, missing words, or illegible parts. Rate accuracy: PASS if all text is correct, FAIL otherwise.",qwen3-vl 
p3,Text Rendering,Writing accuracy,Easy,Word spelled correctly — binary yes/no,The word 'SERENITY' written large and centered on a solid light blue background,"Look at this image. The intended text was: ""The word 'SERENITY' written large and centered on a solid light blue background"". Is every word spelled correctly and fully readable? List any misspellings, missing words, or illegible parts. Rate accuracy: PASS if all text is correct, FAIL otherwise.",qwen3-vl 
p1,Text Rendering,Writing accuracy,Extreme,Complete text accuracy + realistic integration,"A vintage movie poster for 'THE LAST VOYAGE' featuring a tagline 'One ship. One chance. No turning back.' with credits block reading 'Directed by James Harlow. Starring Elena Voss, Marcus Chen, and Sofia Reyes. Music by Thomas Grant. A Paramount Pictures Release. Coming Summer 2025.' integrated realistically into the poster design","Look at this image. The intended text was: ""A vintage movie poster for 'THE LAST VOYAGE' featuring a tagline 'One ship. One chance. No turning back.' with credits block reading 'Directed by James Harlow. Starring Elena Voss, Marcus Chen, and Sofia Reyes. Music by Thomas Grant. A Paramount Pictures Release. Coming Summer 2025.' integrated realistically into the poster design"". Is every word spelled correctly and fully readable? List any misspellings, missing words, or illegible parts. Rate accuracy: PASS if all text is correct, FAIL otherwise.",qwen3-vl 
p2,Text Rendering,Writing accuracy,Extreme,Complete text accuracy + realistic integration,"A magazine cover titled 'NATIONAL EXPLORER' with cover lines 'The Hidden Temples of Cambodia — page 34', 'Interview: Dr. Maria Santos on Climate Action', 'Top 10 Trails You Must Hike This Year', and a barcode area with 'Issue 247 | March 2025 | $6.99'","Look at this image. The intended text was: ""A magazine cover titled 'NATIONAL EXPLORER' with cover lines 'The Hidden Temples of Cambodia — page 34', 'Interview: Dr. Maria Santos on Climate Action', 'Top 10 Trails You Must Hike This Year', and a barcode area with 'Issue 247 | March 2025 | $6.99'"". Is every word spelled correctly and fully readable? List any misspellings, missing words, or illegible parts. Rate accuracy: PASS if all text is correct, FAIL otherwise.",qwen3-vl 
p3,Text Rendering,Writing accuracy,Extreme,Complete text accuracy + realistic integration,"A product label for 'GOLDEN HARVEST ORGANIC HONEY' with subtitle 'Raw & Unfiltered', weight '12 oz (340g)', description 'Pure wildflower honey harvested from sustainable apiaries in the Pacific Northwest. No additives or preservatives.', and small text 'Best before: 06/2026. Store in cool, dry place. Product of USA.'","Look at this image. The intended text was: ""A product label for 'GOLDEN HARVEST ORGANIC HONEY' with subtitle 'Raw & Unfiltered', weight '12 oz (340g)', description 'Pure wildflower honey harvested from sustainable apiaries in the Pacific Northwest. No additives or preservatives.', and small text 'Best before: 06/2026. Store in cool, dry place. Product of USA.'"". Is every word spelled correctly and fully readable? List any misspellings, missing words, or illegible parts. Rate accuracy: PASS if all text is correct, FAIL otherwise.",qwen3-vl 
p1,Text Rendering,Writing accuracy,Hard,All text correct + visual hierarchy respected,"A poster with headline 'SUMMER SALE' in large bold text, body text 'Up to 50% off all items this weekend only' in medium size, and fine print 'Terms and conditions apply. See store for details.' at the bottom in small text","Look at this image. The intended text was: ""A poster with headline 'SUMMER SALE' in large bold text, body text 'Up to 50% off all items this weekend only' in medium size, and fine print 'Terms and conditions apply. See store for details.' at the bottom in small text"". Is every word spelled correctly and fully readable? List any misspellings, missing words, or illegible parts. Rate accuracy: PASS if all text is correct, FAIL otherwise.",qwen3-vl 
p2,Text Rendering,Writing accuracy,Hard,All text correct + visual hierarchy respected,"A flyer with large title 'GRAND OPENING', subtitle 'Join us for food, music, and fun' in medium text, and small disclaimer 'RSVP required. Limited seating available.' at the bottom","Look at this image. The intended text was: ""A flyer with large title 'GRAND OPENING', subtitle 'Join us for food, music, and fun' in medium text, and small disclaimer 'RSVP required. Limited seating available.' at the bottom"". Is every word spelled correctly and fully readable? List any misspellings, missing words, or illegible parts. Rate accuracy: PASS if all text is correct, FAIL otherwise.",qwen3-vl 
p3,Text Rendering,Writing accuracy,Hard,All text correct + visual hierarchy respected,"An event banner with headline 'ANNUAL GALA 2025' at the top in large serif font, description 'An evening of fine dining and live jazz' in medium text, and footnote 'Black tie optional. Doors open at 6 PM.' in small text","Look at this image. The intended text was: ""An event banner with headline 'ANNUAL GALA 2025' at the top in large serif font, description 'An evening of fine dining and live jazz' in medium text, and footnote 'Black tie optional. Doors open at 6 PM.' in small text"". Is every word spelled correctly and fully readable? List any misspellings, missing words, or illegible parts. Rate accuracy: PASS if all text is correct, FAIL otherwise.",qwen3-vl 
p1,Text Rendering,Writing accuracy,Medium,"All words correct, readable",The sentence 'The quick brown fox jumps high' in clean black text on a white background,"Look at this image. The intended text was: ""The sentence 'The quick brown fox jumps high' in clean black text on a white background"". Is every word spelled correctly and fully readable? List any misspellings, missing words, or illegible parts. Rate accuracy: PASS if all text is correct, FAIL otherwise.",qwen3-vl 
p2,Text Rendering,Writing accuracy,Medium,"All words correct, readable",'Every sunset brings a new dawn ahead' written neatly on a pale yellow background,"Look at this image. The intended text was: ""'Every sunset brings a new dawn ahead' written neatly on a pale yellow background"". Is every word spelled correctly and fully readable? List any misspellings, missing words, or illegible parts. Rate accuracy: PASS if all text is correct, FAIL otherwise.",qwen3-vl 
p3,Text Rendering,Writing accuracy,Medium,"All words correct, readable",'Stars shine brightest in the dark night' displayed on a clean off-white background,"Look at this image. The intended text was: ""'Stars shine brightest in the dark night' displayed on a clean off-white background"". Is every word spelled correctly and fully readable? List any misspellings, missing words, or illegible parts. Rate accuracy: PASS if all text is correct, FAIL otherwise.",qwen3-vl 
p1,Truthfulness,Photorealism,Medium,Each material renders with correct visual properties,"A still life on a wooden table featuring a clear glass of water, a polished silver spoon, a folded linen napkin, and a ripe red apple — each material rendered with accurate texture and light behavior","The prompt asked for multiple materials: ""A still life on a wooden table featuring a clear glass of water, a polished silver spoon, a folded linen napkin, and a ripe red apple — each material rendered with accurate texture and light behavior"". Does each material (glass, metal, wood, fabric, etc.) render with correct visual properties (reflections, texture, translucency)? Rate: PASS or FAIL.",qwen36-27b 
p2,Truthfulness,Photorealism,Medium,Each material renders with correct visual properties,"A workspace desk with a brushed aluminum laptop, a leather-bound notebook, a ceramic coffee mug, and a glass paperweight — all materials visually distinct and realistic","The prompt asked for multiple materials: ""A workspace desk with a brushed aluminum laptop, a leather-bound notebook, a ceramic coffee mug, and a glass paperweight — all materials visually distinct and realistic"". Does each material (glass, metal, wood, fabric, etc.) render with correct visual properties (reflections, texture, translucency)? Rate: PASS or FAIL.",qwen36-27b 
p3,Truthfulness,Photorealism,Medium,Each material renders with correct visual properties,"A kitchen counter with a stainless steel pot, a wooden cutting board, a glass bottle of olive oil, and a cotton dish towel — each surface reflecting light correctly","The prompt asked for multiple materials: ""A kitchen counter with a stainless steel pot, a wooden cutting board, a glass bottle of olive oil, and a cotton dish towel — each surface reflecting light correctly"". Does each material (glass, metal, wood, fabric, etc.) render with correct visual properties (reflections, texture, translucency)? Rate: PASS or FAIL.",qwen36-27b 
p1,Truthfulness,Physics & Reflections,Easy,Shadow direction + length plausible,"A red sphere on a white surface with a single shadow cast to the right, consistent with a light source from the upper left","The prompt involved shadows/reflections: ""A red sphere on a white surface with a single shadow cast to the right, consistent with a light source from the upper left"". Are the shadows/reflections physically plausible? Check direction, orientation, distortion, and color. Rate: PASS or FAIL.",qwen36-27b 
p2,Truthfulness,Physics & Reflections,Easy,Shadow direction + length plausible,A coffee mug on a sunny windowsill casting a sharp shadow to the left,"The prompt involved shadows/reflections: ""A coffee mug on a sunny windowsill casting a sharp shadow to the left"". Are the shadows/reflections physically plausible? Check direction, orientation, distortion, and color. Rate: PASS or FAIL.",qwen36-27b 
p3,Truthfulness,Physics & Reflections,Easy,Shadow direction + length plausible,A person standing outdoors at midday with a short shadow directly below them,"The prompt involved shadows/reflections: ""A person standing outdoors at midday with a short shadow directly below them"". Are the shadows/reflections physically plausible? Check direction, orientation, distortion, and color. Rate: PASS or FAIL.",qwen36-27b 
p1,Truthfulness,Physics & Reflections,Extreme,All optical effects physically plausible,"A clear glass sphere sitting on a mirror surface near a pool of water, showing refraction through the sphere, reflection on the mirror, and water reflection simultaneously","The prompt involved shadows/reflections: ""A clear glass sphere sitting on a mirror surface near a pool of water, showing refraction through the sphere, reflection on the mirror, and water reflection simultaneously"". Are the shadows/reflections physically plausible? Check direction, orientation, distortion, and color. Rate: PASS or FAIL.",qwen36-27b 
p2,Truthfulness,Physics & Reflections,Extreme,All optical effects physically plausible,"A chrome sculpture in a room with a glass floor and large windows, showing multiple reflections and environmental mapping on every surface","The prompt involved shadows/reflections: ""A chrome sculpture in a room with a glass floor and large windows, showing multiple reflections and environmental mapping on every surface"". Are the shadows/reflections physically plausible? Check direction, orientation, distortion, and color. Rate: PASS or FAIL.",qwen36-27b 
p3,Truthfulness,Physics & Reflections,Extreme,All optical effects physically plausible,"A crystal wine glass on a polished marble counter next to a window overlooking a lake — showing refraction in the glass, reflection on the marble, and the lake's own reflective surface","The prompt involved shadows/reflections: ""A crystal wine glass on a polished marble counter next to a window overlooking a lake — showing refraction in the glass, reflection on the marble, and the lake's own reflective surface"". Are the shadows/reflections physically plausible? Check direction, orientation, distortion, and color. Rate: PASS or FAIL.",qwen36-27b 
p1,Truthfulness,Physics & Reflections,Hard,Reflection present + appropriately distorted + color shift,"A row of trees reflected in a calm lake at sunset, with the reflection slightly darker and gently rippled","The prompt involved shadows/reflections: ""A row of trees reflected in a calm lake at sunset, with the reflection slightly darker and gently rippled"". Are the shadows/reflections physically plausible? Check direction, orientation, distortion, and color. Rate: PASS or FAIL.",qwen36-27b 
p2,Truthfulness,Physics & Reflections,Hard,Reflection present + appropriately distorted + color shift,"A city skyline reflected in a rain puddle on a street, with mild distortion and color shift","The prompt involved shadows/reflections: ""A city skyline reflected in a rain puddle on a street, with mild distortion and color shift"". Are the shadows/reflections physically plausible? Check direction, orientation, distortion, and color. Rate: PASS or FAIL.",qwen36-27b 
p3,Truthfulness,Physics & Reflections,Hard,Reflection present + appropriately distorted + color shift,"A mountain range reflected in a still alpine lake, with the reflection inverted and subtly muted in color","The prompt involved shadows/reflections: ""A mountain range reflected in a still alpine lake, with the reflection inverted and subtly muted in color"". Are the shadows/reflections physically plausible? Check direction, orientation, distortion, and color. Rate: PASS or FAIL.",qwen36-27b 
p1,Truthfulness,Physics & Reflections,Medium,Reflection matches object + orientation correct,"A woman standing in front of a full-length mirror, her reflection accurately showing the back of her outfit and reversed orientation","The prompt involved shadows/reflections: ""A woman standing in front of a full-length mirror, her reflection accurately showing the back of her outfit and reversed orientation"". Are the shadows/reflections physically plausible? Check direction, orientation, distortion, and color. Rate: PASS or FAIL.",qwen36-27b 
p2,Truthfulness,Physics & Reflections,Medium,Reflection matches object + orientation correct,A cat sitting on a polished marble floor with its reflection visible below,"The prompt involved shadows/reflections: ""A cat sitting on a polished marble floor with its reflection visible below"". Are the shadows/reflections physically plausible? Check direction, orientation, distortion, and color. Rate: PASS or FAIL.",qwen36-27b 
p3,Truthfulness,Physics & Reflections,Medium,Reflection matches object + orientation correct,A vase of flowers on a glass table with a clear reflection visible on the table surface,"The prompt involved shadows/reflections: ""A vase of flowers on a glass table with a clear reflection visible on the table surface"". Are the shadows/reflections physically plausible? Check direction, orientation, distortion, and color. Rate: PASS or FAIL.",qwen36-27b 
p1,Truthfulness,World Knowledge,Easy,Landmark recognizable and architecturally accurate,"The Eiffel Tower in Paris on a clear day, architecturally accurate with its iron lattice structure and three levels","The prompt asked for a real-world subject: ""The Eiffel Tower in Paris on a clear day, architecturally accurate with its iron lattice structure and three levels"". Is the depicted subject recognizable and factually/architecturally accurate? Note any inaccuracies. Rate: PASS or FAIL.",qwen36-27b 
p2,Truthfulness,World Knowledge,Easy,Landmark recognizable and architecturally accurate,"The Taj Mahal in Agra seen from the reflecting pool, with accurate dome, minarets, and symmetry","The prompt asked for a real-world subject: ""The Taj Mahal in Agra seen from the reflecting pool, with accurate dome, minarets, and symmetry"". Is the depicted subject recognizable and factually/architecturally accurate? Note any inaccuracies. Rate: PASS or FAIL.",qwen36-27b 
p3,Truthfulness,World Knowledge,Easy,Landmark recognizable and architecturally accurate,"The Statue of Liberty on her island pedestal, with correct torch, crown, tablet, and green patina","The prompt asked for a real-world subject: ""The Statue of Liberty on her island pedestal, with correct torch, crown, tablet, and green patina"". Is the depicted subject recognizable and factually/architecturally accurate? Note any inaccuracies. Rate: PASS or FAIL.",qwen36-27b 
p1,Truthfulness,World Knowledge,Extreme,Subject recognizably correct for an expert,"A Morpho menelaus butterfly with accurate iridescent blue dorsal wings, brown ventral wing pattern with eyespots, and correct body morphology","The prompt asked for a real-world subject: ""A Morpho menelaus butterfly with accurate iridescent blue dorsal wings, brown ventral wing pattern with eyespots, and correct body morphology"". Is the depicted subject recognizable and factually/architecturally accurate? Note any inaccuracies. Rate: PASS or FAIL.",qwen36-27b 
p2,Truthfulness,World Knowledge,Extreme,Subject recognizably correct for an expert,"The Hagia Sophia interior showing the massive central dome, pendentives, semi-domes, and Islamic calligraphy medallions alongside Byzantine mosaics","The prompt asked for a real-world subject: ""The Hagia Sophia interior showing the massive central dome, pendentives, semi-domes, and Islamic calligraphy medallions alongside Byzantine mosaics"". Is the depicted subject recognizable and factually/architecturally accurate? Note any inaccuracies. Rate: PASS or FAIL.",qwen36-27b 
p3,Truthfulness,World Knowledge,Extreme,Subject recognizably correct for an expert,"A specimen of bismuth crystal showing accurate iridescent oxide layers, geometric hopper crystal formation, and characteristic staircase structure","The prompt asked for a real-world subject: ""A specimen of bismuth crystal showing accurate iridescent oxide layers, geometric hopper crystal formation, and characteristic staircase structure"". Is the depicted subject recognizable and factually/architecturally accurate? Note any inaccuracies. Rate: PASS or FAIL.",qwen36-27b 
p1,Truthfulness,World Knowledge,Hard,Concept visually accurate and educationally correct,"A detailed diagram of the water cycle showing evaporation from the ocean, condensation forming clouds, precipitation as rain, and collection in rivers flowing back to the sea","The prompt asked for a real-world subject: ""A detailed diagram of the water cycle showing evaporation from the ocean, condensation forming clouds, precipitation as rain, and collection in rivers flowing back to the sea"". Is the depicted subject recognizable and factually/architecturally accurate? Note any inaccuracies. Rate: PASS or FAIL.",qwen36-27b 
p2,Truthfulness,World Knowledge,Hard,Concept visually accurate and educationally correct,"A cross-section showing tectonic plates at a convergent boundary with subduction, a trench, volcanic arc, and layered mantle","The prompt asked for a real-world subject: ""A cross-section showing tectonic plates at a convergent boundary with subduction, a trench, volcanic arc, and layered mantle"". Is the depicted subject recognizable and factually/architecturally accurate? Note any inaccuracies. Rate: PASS or FAIL.",qwen36-27b 
p3,Truthfulness,World Knowledge,Hard,Concept visually accurate and educationally correct,"An anatomical illustration of the human heart showing four chambers, valves, aorta, pulmonary arteries, and veins with correct placement","The prompt asked for a real-world subject: ""An anatomical illustration of the human heart showing four chambers, valves, aorta, pulmonary arteries, and veins with correct placement"". Is the depicted subject recognizable and factually/architecturally accurate? Note any inaccuracies. Rate: PASS or FAIL.",qwen36-27b 
p1,Truthfulness,World Knowledge,Medium,Object identifiable and details correct,"A traditional Japanese shamisen instrument with accurate three-stringed design, wooden body, and bachi plectrum","The prompt asked for a real-world subject: ""A traditional Japanese shamisen instrument with accurate three-stringed design, wooden body, and bachi plectrum"". Is the depicted subject recognizable and factually/architecturally accurate? Note any inaccuracies. Rate: PASS or FAIL.",qwen36-27b 
p2,Truthfulness,World Knowledge,Medium,Object identifiable and details correct,"A medieval astrolabe with accurate rete, tympan, and engraved degree markings on brass","The prompt asked for a real-world subject: ""A medieval astrolabe with accurate rete, tympan, and engraved degree markings on brass"". Is the depicted subject recognizable and factually/architecturally accurate? Note any inaccuracies. Rate: PASS or FAIL.",qwen36-27b 
p3,Truthfulness,World Knowledge,Medium,Object identifiable and details correct,A Japanese kintsugi bowl — cracked ceramic repaired with visible gold lacquer lines,"The prompt asked for a real-world subject: ""A Japanese kintsugi bowl — cracked ceramic repaired with visible gold lacquer lines"". Is the depicted subject recognizable and factually/architecturally accurate? Note any inaccuracies. Rate: PASS or FAIL.",qwen36-27b 
